{
  "crawl": [
    1755180632.9738235
  ],
  "crawl:de.wikipedia.org": [
    1755180632.9738235
  ]
}