{
  "answer_count": 0,
  "last_reflection_ts": 1761218132.846749,
  "reflection_count": 2,
  "last_save": 1761218132.8467522
}